candidate,year,train_fights,test_fights,accuracy,roc_auc,log_loss,brier,ece
v2_logistic_reference,2019,4839,506,0.5711462450592886,0.6149322907634828,0.68267630999286,0.24307663637300722,0.07016641077370626
v2_logistic_reference,2020,5345,444,0.6418918918918919,0.6774200109838701,0.6509728384343051,0.22819705552302036,0.03653630629572297
v2_logistic_reference,2021,5789,497,0.6096579476861167,0.6415627530364372,0.6750479239953011,0.23832266284179313,0.04817669766649362
v2_logistic_reference,2022,6286,506,0.6027667984189723,0.6438242651657285,0.6551678594207072,0.23258823165107942,0.058587882875192426
v2_logistic_reference,2023,6792,504,0.625,0.6404397856242119,0.6631014450666308,0.23542497278049349,0.06750418746354321
v2_logistic_reference,2024,7296,513,0.6257309941520468,0.6578706807239929,0.6560925415718839,0.23136479070142718,0.04650547938673807
v2_logistic_reference,2025,7809,515,0.6310679611650486,0.6640901260313719,0.6520973379294133,0.2304441809541909,0.039579512201009255
v2_logistic_reference,2026,8324,257,0.6186770428015564,0.6683331301060846,0.6490628537661614,0.2282548086985921,0.03141515245479606
v3_logistic_c0.03,2019,4839,506,0.575098814229249,0.6118266517427837,0.6847716113098504,0.2439496748286606,0.06631974459542896
v3_logistic_c0.03,2020,5345,444,0.6576576576576577,0.6883021784675468,0.6470700724724137,0.22613679446453652,0.048132851122539316
v3_logistic_c0.03,2021,5789,497,0.5734406438631791,0.619085020242915,0.6896149353741029,0.24513388400899122,0.08540565190306439
v3_logistic_c0.03,2022,6286,506,0.5928853754940712,0.6426047529706067,0.6543563645107993,0.23235325699963605,0.05463103563641788
v3_logistic_c0.03,2023,6792,504,0.623015873015873,0.6461774905422446,0.6604515554217409,0.23414715620411256,0.04981399267154433
v3_logistic_c0.03,2024,7296,513,0.621832358674464,0.6550521055518314,0.6569053823687799,0.23202923186703253,0.032975741990246756
v3_logistic_c0.03,2025,7809,515,0.6174757281553398,0.6616571463112401,0.6520981828891178,0.23049540237956562,0.03415152830907026
v3_logistic_c0.03,2026,8324,257,0.6147859922178989,0.6653456895500548,0.650314583764773,0.2291612849264627,0.05944542617187981
v3_logistic_c0.1,2019,4839,506,0.5849802371541502,0.6095407753062286,0.6895532088970365,0.24572403970826825,0.07639210564049011
v3_logistic_c0.1,2020,5345,444,0.6531531531531531,0.6822000284767,0.65160958090344,0.22769756523139925,0.05852607501506715
v3_logistic_c0.1,2021,5789,497,0.5895372233400402,0.6172712550607288,0.6941028454006521,0.2467711921391434,0.08189330293516754
v3_logistic_c0.1,2022,6286,506,0.5909090909090909,0.6394152595372108,0.6573009060791287,0.23366418135240857,0.051134354006184095
v3_logistic_c0.1,2023,6792,504,0.6170634920634921,0.6431825346784363,0.6623208147544286,0.23495754893183932,0.039572973946782865
v3_logistic_c0.1,2024,7296,513,0.6159844054580896,0.6506947406910842,0.6593978302250286,0.23318372416118624,0.038717692908766005
v3_logistic_c0.1,2025,7809,515,0.6213592233009708,0.6583023543990086,0.6533167135543533,0.2311577971792276,0.04351246380524451
v3_logistic_c0.1,2026,8324,257,0.6186770428015564,0.6644921351054749,0.6511744097559639,0.22941089602311113,0.05472084018877271
v3_elastic_l1r0.5,2019,4839,506,0.5652173913043478,0.6090047766935192,0.6828068875660446,0.24331346403415272,0.07604806266228617
v3_elastic_l1r0.5,2020,5345,444,0.6554054054054054,0.6889937554665093,0.6453836278471685,0.22574956298017504,0.052796832120712796
v3_elastic_l1r0.5,2021,5789,497,0.579476861167002,0.6181943319838057,0.6874625946331677,0.24447757279558807,0.0668701231779096
v3_elastic_l1r0.5,2022,6286,506,0.5889328063241107,0.6438555347091932,0.6530613235207173,0.2317554333911715,0.04996974969762438
v3_elastic_l1r0.5,2023,6792,504,0.6190476190476191,0.6502285624211854,0.6573108876710531,0.23275521573068855,0.03271235336101748
v3_elastic_l1r0.5,2024,7296,513,0.6257309941520468,0.6595313547443475,0.6552118951150059,0.23117152699061702,0.02527317325879849
v3_elastic_l1r0.5,2025,7809,515,0.6213592233009708,0.6650874965998731,0.6507245472675747,0.2298126775194225,0.04032053366203984
v3_elastic_l1r0.5,2026,8324,257,0.603112840466926,0.6672357029630532,0.6493749193045408,0.2284456874647543,0.05803167861670492
v3_extra_trees,2019,4839,506,0.5652173913043478,0.6035186732457869,0.677675033495575,0.242095934770309,0.0449219262557935
v3_extra_trees,2020,5345,444,0.6103603603603603,0.6525435795211846,0.6532690760539083,0.23104670191318552,0.043548246579710036
v3_extra_trees,2021,5789,497,0.5955734406438632,0.643085020242915,0.6639989591717808,0.23515528033420163,0.05085000694682611
v3_extra_trees,2022,6286,506,0.6304347826086957,0.6708411507191995,0.6519650948870637,0.22932812348653295,0.0497716926263814
v3_extra_trees,2023,6792,504,0.6071428571428571,0.6366093947036571,0.6638313191490224,0.23563050886369205,0.05266048747630136
v3_extra_trees,2024,7296,513,0.6159844054580896,0.6367542202449875,0.6688618163344132,0.2373824528941306,0.03735182629963673
v3_extra_trees,2025,7809,515,0.6271844660194175,0.6682458367334603,0.6521222449514037,0.22997436290910522,0.03421031547419235
v3_extra_trees,2026,8324,257,0.622568093385214,0.6629679307401536,0.6495134434638238,0.22909461091255015,0.043269636007198554
v3_hist_gradient,2019,4839,506,0.5592885375494071,0.5868711869216339,0.6885979264603546,0.24755705601675124,0.06529437504133533
v3_hist_gradient,2020,5345,444,0.6554054054054054,0.6860850639708723,0.6401981861026356,0.2247077416802331,0.05364484585900419
v3_hist_gradient,2021,5789,497,0.5814889336016097,0.6276599190283401,0.6704823581113747,0.23877963467592217,0.05318193778423729
v3_hist_gradient,2022,6286,506,0.6264822134387352,0.658552220137586,0.6547682180660923,0.23127870072247736,0.03886943571931117
v3_hist_gradient,2023,6792,504,0.5912698412698413,0.649077868852459,0.6602363794961577,0.23406568913538178,0.06477315888372043
v3_hist_gradient,2024,7296,513,0.6393762183235867,0.6544122128100432,0.6591690382581991,0.23313539564508498,0.06788675353519895
v3_hist_gradient,2025,7809,515,0.6174757281553398,0.6720690905793816,0.64960068185488,0.2287906892285365,0.039953586157871986
v3_hist_gradient,2026,8324,257,0.5875486381322957,0.6609559809779295,0.6524636088673365,0.23043078196622382,0.04999202060133201
v3_xgboost,2019,4839,506,0.5553359683794467,0.5927041130011194,0.6792656592755704,0.24323842581117922,0.054790464314547455
v3_xgboost,2020,5345,444,0.6418918918918919,0.6896446514655332,0.6413086779979512,0.2249028670260237,0.0344737407054987
v3_xgboost,2021,5789,497,0.5835010060362174,0.6388340080971661,0.6628808075648027,0.23528882531998577,0.04081851447851845
v3_xgboost,2022,6286,506,0.6047430830039525,0.6632426516572859,0.6501721548401497,0.22943076301900667,0.03783964474681807
v3_xgboost,2023,6792,504,0.625,0.6465715636822195,0.6584806111665582,0.23334217615764527,0.043003573304130925
v3_xgboost,2024,7296,513,0.6296296296296297,0.6552806386738984,0.6570199873143882,0.23227035349221994,0.051274021466573096
v3_xgboost,2025,7809,515,0.6194174757281553,0.6734140296793303,0.6481005796691837,0.22835703057878243,0.02121519382717541
v3_xgboost,2026,8324,257,0.6186770428015564,0.6787586879648823,0.641510369763912,0.2253974318169128,0.023663598043909356
v3_lightgbm,2019,4839,506,0.567193675889328,0.5939495215424148,0.6819985305954184,0.24442855844263117,0.058143712530682894
v3_lightgbm,2020,5345,444,0.6621621621621622,0.6883631999674552,0.6395647515796594,0.22408625057706733,0.0717635920085756
v3_lightgbm,2021,5789,497,0.5935613682092555,0.6292631578947369,0.6687573182618598,0.2379402743358021,0.04848580051848221
v3_lightgbm,2022,6286,506,0.6047430830039525,0.6562695434646655,0.6530742971065769,0.23086543884042304,0.04627565738160157
v3_lightgbm,2023,6792,504,0.6031746031746031,0.640108764186633,0.6617016877722545,0.2350068954448003,0.03791974441204432
v3_lightgbm,2024,7296,513,0.6159844054580896,0.6481808763483455,0.6599561148330126,0.23357880318702498,0.057215526271321406
v3_lightgbm,2025,7809,515,0.6504854368932039,0.6782799891195938,0.6460220457449303,0.22725614396990237,0.0673667885740219
v3_lightgbm,2026,8324,257,0.6186770428015564,0.6727838068528229,0.6432803223683652,0.22634261920911947,0.040319245740613074
v3_catboost,2019,4839,506,0.5533596837944664,0.5933662289344663,0.6798331408301852,0.24349822728639506,0.047204061187734105
v3_catboost,2020,5345,444,0.6306306306306306,0.6861460854707809,0.6428852878057273,0.2256615492061246,0.06307340796160602
v3_catboost,2021,5789,497,0.6016096579476862,0.6442591093117409,0.6601394453719548,0.23399180069419773,0.016962198845050486
v3_catboost,2022,6286,506,0.6225296442687747,0.668839899937461,0.6480962980346243,0.2283509415211147,0.03365284938416746
v3_catboost,2023,6792,504,0.6011904761904762,0.6437184741488021,0.6597106799394461,0.23388726800600987,0.04585401756708666
v3_catboost,2024,7296,513,0.6237816764132553,0.6477390456456822,0.6600504158459998,0.23372866228011593,0.05307440552954511
v3_catboost,2025,7809,515,0.6349514563106796,0.6779928672892677,0.6459797809723752,0.22736905786450837,0.04089435819678606
v3_catboost,2026,8324,257,0.6264591439688716,0.6672357029630532,0.6469750394777287,0.22789117925607782,0.05684175287893808
