experiment,year,train_fights,test_fights,accuracy,roc_auc,log_loss,brier,ece
logistic_core_c0.1,2019,4839,506,0.5711462450592886,0.5999795059353964,0.6790839439947465,0.24286327645109845,0.04163303797914349
logistic_core_c0.1,2020,5345,444,0.6283783783783784,0.6679209974981186,0.657165125800308,0.23177121198214518,0.05266894285240319
logistic_core_c0.1,2021,5789,497,0.6217303822937625,0.6583805668016194,0.6571582183952098,0.2317655912165161,0.02667903874246949
logistic_core_c0.1,2022,6286,506,0.6067193675889329,0.6571763602251406,0.651860542617779,0.23036028225240854,0.023724102326058674
logistic_core_c0.1,2023,6792,504,0.5912698412698413,0.6397935056746531,0.660744978271641,0.23441416518005154,0.020997781837394567
logistic_core_c0.1,2024,7296,513,0.6159844054580896,0.6554482296300811,0.6526937297560927,0.23079088061674857,0.03276237238063141
logistic_rich_180_c0.1,2019,4839,506,0.575098814229249,0.6150111140888812,0.6807393812644909,0.2424548696971303,0.05375446038229093
logistic_rich_180_c0.1,2020,5345,444,0.6463963963963963,0.6889123934666315,0.6454407879822937,0.2257262268345533,0.0386856302221866
logistic_rich_180_c0.1,2021,5789,497,0.6156941649899397,0.6384372469635627,0.6752185984535739,0.23848887134782212,0.0401790085957986
logistic_rich_180_c0.1,2022,6286,506,0.5869565217391305,0.6406816760475297,0.655959203325309,0.23304365690781653,0.047538556295218436
logistic_rich_180_c0.1,2023,6792,504,0.6111111111111112,0.6326056116015133,0.6656557188981426,0.23671576411473463,0.06130654571772095
logistic_rich_180_c0.1,2024,7296,513,0.6276803118908382,0.6591961728319824,0.6547022817838893,0.23087708596701487,0.06334559136784983
logistic_rich_365_c0.1,2019,4839,506,0.5790513833992095,0.6171551085397191,0.6794597413117958,0.24180515324561505,0.06492508043891479
logistic_rich_365_c0.1,2020,5345,444,0.6396396396396397,0.6818135589772797,0.6473955196505007,0.22673767453264726,0.03718835861136426
logistic_rich_365_c0.1,2021,5789,497,0.6056338028169014,0.6420971659919029,0.673034973126952,0.23761855420351052,0.048590706983515086
logistic_rich_365_c0.1,2022,6286,506,0.5968379446640316,0.6451375859912445,0.6533180023255313,0.23174748219319113,0.04312909486490614
logistic_rich_365_c0.1,2023,6792,504,0.6190476190476191,0.6376497477931904,0.6635444926731183,0.2356930621240121,0.05450347961928221
logistic_rich_365_c0.1,2024,7296,513,0.6296296296296297,0.6589676397099153,0.655022479635354,0.23103161736837455,0.05201047018484379
logistic_rich_548_c0.1,2019,4839,506,0.5711462450592886,0.6165245219365314,0.6793910349406657,0.24181696652203227,0.0665189478029868
logistic_rich_548_c0.1,2020,5345,444,0.6373873873873874,0.6799625734800562,0.6476618594521334,0.2269686293437179,0.04250320186165555
logistic_rich_548_c0.1,2021,5789,497,0.5975855130784709,0.6434089068825911,0.6722552821628344,0.23733540836464742,0.05426389657105944
logistic_rich_548_c0.1,2022,6286,506,0.5968379446640316,0.6471857410881802,0.6523236699350492,0.2311984711748788,0.03829051339037201
logistic_rich_548_c0.1,2023,6792,504,0.6130952380952381,0.6406604665825977,0.6620855716960254,0.23500349512133717,0.04255617639277804
logistic_rich_548_c0.1,2024,7296,513,0.621832358674464,0.6585410445487232,0.6558750968513751,0.2314215126822402,0.05396475156145566
logistic_rich_730_c0.1,2019,4839,506,0.5652173913043478,0.6149322907634828,0.6795549778084274,0.2419415523279278,0.06877786973637998
logistic_rich_730_c0.1,2020,5345,444,0.6418918918918919,0.6805727884791409,0.6472408050303639,0.2268410018960171,0.04431586664084909
logistic_rich_730_c0.1,2021,5789,497,0.5955734406438632,0.6433927125506074,0.6719097986341176,0.23720185193125531,0.05712920850219257
logistic_rich_730_c0.1,2022,6286,506,0.5928853754940712,0.6488586616635397,0.6517659292885274,0.23088358369065157,0.03855330582339326
logistic_rich_730_c0.1,2023,6792,504,0.6150793650793651,0.6420633669609079,0.6610370911161385,0.23451846937882648,0.04136157006629794
logistic_rich_730_c0.1,2024,7296,513,0.621832358674464,0.6579316228898774,0.6563341791922642,0.23162662957144262,0.028808827598513893
logistic_rich_1095_c0.1,2019,4839,506,0.5632411067193676,0.612677943657087,0.679931365375568,0.2422014369587273,0.06972295586423417
logistic_rich_1095_c0.1,2020,5345,444,0.6441441441441441,0.6816508349775238,0.6462639170890345,0.22646081981104113,0.04074638586930712
logistic_rich_1095_c0.1,2021,5789,497,0.5995975855130785,0.6437004048582996,0.6715312719730401,0.23703656073150814,0.037130151774347225
logistic_rich_1095_c0.1,2022,6286,506,0.5948616600790514,0.650609756097561,0.650998181113787,0.23047343102937612,0.0409016386542367
logistic_rich_1095_c0.1,2023,6792,504,0.6071428571428571,0.6442228877679698,0.6598561671472992,0.23397706266386403,0.025920833594142878
logistic_rich_1095_c0.1,2024,7296,513,0.6276803118908382,0.6586781644219636,0.6565581971595753,0.2317228161179329,0.03531676640897188
logistic_core_c1,2019,4839,506,0.567193675889328,0.59928586067189,0.6793856041301222,0.24300232757582974,0.0382103608900368
logistic_core_c1,2020,5345,444,0.6261261261261262,0.6678803164981796,0.6572762568779191,0.231800708681892,0.05342936816489126
logistic_core_c1,2021,5789,497,0.6217303822937625,0.6583967611336032,0.6571992608247584,0.231743142148702,0.02356225678778198
logistic_core_c1,2022,6286,506,0.6086956521739131,0.6565196998123828,0.6518093701536471,0.23034934175537888,0.01699153902240328
logistic_core_c1,2023,6792,504,0.5932539682539683,0.6396674022698612,0.6609207315913925,0.23449999669129384,0.018111397547016284
logistic_core_c1,2024,7296,513,0.6159844054580896,0.6545798037662258,0.6528452176346524,0.23087491366076618,0.03389439347424931
logistic_rich_548_c1,2019,4839,506,0.5711462450592886,0.6149322907634828,0.68267630999286,0.24307663637300722,0.07016641077370626
logistic_rich_548_c1,2020,5345,444,0.6418918918918919,0.6774200109838701,0.6509728384343051,0.22819705552302036,0.03653630629572297
logistic_rich_548_c1,2021,5789,497,0.6096579476861167,0.6415627530364372,0.6750479239953011,0.23832266284179313,0.04817669766649362
logistic_rich_548_c1,2022,6286,506,0.6027667984189723,0.6438242651657285,0.6551678594207072,0.23258823165107942,0.058587882875192426
logistic_rich_548_c1,2023,6792,504,0.625,0.6404397856242119,0.6631014450666308,0.23542497278049349,0.06750418746354321
logistic_rich_548_c1,2024,7296,513,0.6257309941520468,0.6578706807239929,0.6560925415718839,0.23136479070142718,0.04650547938673807
logistic_rich_730_c1,2019,4839,506,0.5652173913043478,0.6139864108587013,0.682910843309096,0.2431905911179295,0.08229540645410764
logistic_rich_730_c1,2020,5345,444,0.6441441441441441,0.6762809429855786,0.651172369326766,0.2283569536899246,0.03523721720502977
logistic_rich_730_c1,2021,5789,497,0.5995975855130785,0.6420161943319838,0.6745637745413015,0.23816779476750904,0.044440763638623246
logistic_rich_730_c1,2022,6286,506,0.5988142292490118,0.6438242651657287,0.6549335663998216,0.23241159549164433,0.041840806704309126
logistic_rich_730_c1,2023,6792,504,0.6190476190476191,0.6419687894073139,0.6621020623122404,0.2349577112101558,0.06271959553447964
logistic_rich_730_c1,2024,7296,513,0.6237816764132553,0.6568803705283686,0.656960606127606,0.23175109256782644,0.04001838197697505
elastic_net_rich548_l1r0.25,2019,4839,506,0.5612648221343873,0.6164141692809737,0.6776802341904391,0.24121257176980754,0.07826287450855074
elastic_net_rich548_l1r0.25,2020,5345,444,0.6486486486486487,0.6831560319752659,0.6462369413443875,0.22651513448756358,0.044354519245772515
elastic_net_rich548_l1r0.25,2021,5789,497,0.5955734406438632,0.6435465587044533,0.6701148255121948,0.23665114484880934,0.04380924965813869
elastic_net_rich548_l1r0.25,2022,6286,506,0.5948616600790514,0.649859287054409,0.6508565873700309,0.23047346616595826,0.03768119601116539
elastic_net_rich548_l1r0.25,2023,6792,504,0.6130952380952381,0.643545081967213,0.659355030717977,0.23384457221917637,0.03780265416952486
elastic_net_rich548_l1r0.25,2024,7296,513,0.631578947368421,0.6603997806082029,0.6546192238851193,0.23089762987276524,0.043106474681051096
elastic_net_rich548_l1r0.5,2019,4839,506,0.5573122529644269,0.6159412293285829,0.6765534628006068,0.24080888706425235,0.0808543995111534
elastic_net_rich548_l1r0.5,2020,5345,444,0.6509009009009009,0.6849256554726115,0.6452714994239874,0.22620534052570856,0.044928111836149524
elastic_net_rich548_l1r0.5,2021,5789,497,0.6036217303822937,0.643919028340081,0.6688845195790433,0.23631047431414157,0.025903807954074792
elastic_net_rich548_l1r0.5,2022,6286,506,0.5988142292490118,0.6515791119449656,0.650313336540417,0.23014816225506707,0.031117802212991673
elastic_net_rich548_l1r0.5,2023,6792,504,0.6051587301587301,0.6467134300126103,0.6572707616059923,0.23290232867985225,0.03725581146302387
elastic_net_rich548_l1r0.5,2024,7296,513,0.6393762183235867,0.6621213967944422,0.6536715007195103,0.2305075234094962,0.04631955537803612
elastic_net_rich548_l1r0.75,2019,4839,506,0.5652173913043478,0.6151214667444389,0.6756530168566169,0.24049532754506203,0.06444116781266374
elastic_net_rich548_l1r0.75,2020,5345,444,0.6531531531531531,0.6845798669731302,0.6452312124722609,0.22626483891049148,0.05865422856772432
elastic_net_rich548_l1r0.75,2021,5789,497,0.5995975855130785,0.6434979757085021,0.668808242995819,0.23640275399977212,0.029108439364514398
elastic_net_rich548_l1r0.75,2022,6286,506,0.5968379446640316,0.6529237023139464,0.6497502736722519,0.22982105940555714,0.034255701739524545
elastic_net_rich548_l1r0.75,2023,6792,504,0.6091269841269841,0.6501812736443884,0.6555842082679714,0.232111182977908,0.024879651856156156
elastic_net_rich548_l1r0.75,2024,7296,513,0.6413255360623782,0.662334694375038,0.6532435689266696,0.2303630924524054,0.04511694738432007
random_forest_rich548,2019,4839,506,0.5592885375494071,0.5887156527359576,0.6808652580109468,0.2438846246733662,0.03879005382608501
random_forest_rich548,2020,5345,444,0.6148648648648649,0.6873258344690113,0.6411449646146387,0.22493450595490835,0.07070055277963772
random_forest_rich548,2021,5789,497,0.6156941649899397,0.6549392712550608,0.655193902014208,0.2315490356577878,0.05609230565161207
random_forest_rich548,2022,6286,506,0.6126482213438735,0.6624765478424014,0.6521543320184586,0.23015820046384627,0.021412522358785532
random_forest_rich548,2023,6792,504,0.6031746031746031,0.6396043505674653,0.6609329865570218,0.2345470990774551,0.03993002082345508
random_forest_rich548,2024,7296,513,0.594541910331384,0.6476171613139131,0.6611844860746444,0.23418729395055443,0.04957319628328997
extra_trees_rich548,2019,4839,506,0.5632411067193676,0.6006022102060442,0.678390181241611,0.24233871675915186,0.04445752429207046
extra_trees_rich548,2020,5345,444,0.6103603603603603,0.66228667900657,0.6510777625837544,0.22988943253553226,0.024968096910381408
extra_trees_rich548,2021,5789,497,0.6237424547283702,0.6580647773279352,0.6584771575358649,0.2325463753396247,0.044098258142208246
extra_trees_rich548,2022,6286,506,0.6126482213438735,0.6567229518449031,0.6611356594276793,0.233315538246755,0.04059449556047722
extra_trees_rich548,2023,6792,504,0.6011904761904762,0.6336459646910467,0.6644191194506749,0.23597380240756968,0.05347654310272917
extra_trees_rich548,2024,7296,513,0.594541910331384,0.6244743738192455,0.673789467643259,0.23971242119522476,0.026210092428895975
gradient_boosting_rich548,2019,4839,506,0.567193675889328,0.5986473917361625,0.6754243832080783,0.24142201079023679,0.037527387627432525
gradient_boosting_rich548,2020,5345,444,0.6396396396396397,0.6830339889754491,0.6483794320657766,0.2281478448228031,0.05975400308116953
gradient_boosting_rich548,2021,5789,497,0.6257545271629779,0.6599352226720647,0.6568127193987389,0.2322412505974413,0.04192611707351601
gradient_boosting_rich548,2022,6286,506,0.6126482213438735,0.6632582864290181,0.6546050149431212,0.23129229371938906,0.03837247472768048
gradient_boosting_rich548,2023,6792,504,0.6031746031746031,0.6354665825977301,0.6626122460561154,0.23525634877152676,0.03696741115223763
gradient_boosting_rich548,2024,7296,513,0.6023391812865497,0.6322521177402645,0.6662271847271178,0.2368061553623748,0.027436811831795582
hist_gradient_rich548,2019,4839,506,0.5691699604743083,0.6028250279822804,0.6843138433342042,0.24508075299506227,0.06101553779092756
hist_gradient_rich548,2020,5345,444,0.6396396396396397,0.6938754754591869,0.6342830414230544,0.2219802497831078,0.045157210883745545
hist_gradient_rich548,2021,5789,497,0.6277665995975855,0.6609554655870444,0.6538648859757277,0.2309049848818144,0.03738843073104145
hist_gradient_rich548,2022,6286,506,0.6067193675889329,0.6599749843652283,0.6512905027525726,0.22997134022822818,0.028279514936070456
hist_gradient_rich548,2023,6792,504,0.5753968253968254,0.6172525220680958,0.6770344358958553,0.2417651752356473,0.05296870341273022
hist_gradient_rich548,2024,7296,513,0.6042884990253411,0.64357974282406,0.6619075569904648,0.2345398163475576,0.03631235637872372
xgboost_rich548,2019,4839,506,0.5632411067193676,0.5986079800734634,0.677064542711449,0.24218204014751088,0.04178116620764902
xgboost_rich548,2020,5345,444,0.6418918918918919,0.693550027459675,0.6386930501350572,0.22362085072803078,0.05147022599572532
xgboost_rich548,2021,5789,497,0.6177062374245473,0.6614898785425101,0.653082664248985,0.23051371381498842,0.022055544363900684
xgboost_rich548,2022,6286,506,0.6106719367588933,0.6615540963101938,0.6515771899451528,0.23000910715245865,0.016984172135944893
xgboost_rich548,2023,6792,504,0.6150793650793651,0.6471232660781842,0.6579233190105187,0.2331975947372527,0.053674109161846215
xgboost_rich548,2024,7296,513,0.6179337231968811,0.6444786397708575,0.6605168762968652,0.2341082664797149,0.0651290001924972
